{ "02/15/2023 09:19:15": [{ "player": "mackclan5", "item": "Алтарь ворона (адепты Морганы)", "char": 0, "quality": 1, "countDelta": -1 }], "02/15/2023 09:19:14": [{ "player": "mackclan5", "item": "Древний том", "char": 0, "quality": 1, "countDelta": -4 }], "02/15/2023 09:19:13": [{ "player": "mackclan5", "item": "Древний том", "char": 0, "quality": 1, "countDelta": -6 }, { "player": "mackclan5", "item": "Древний том", "char": 0, "quality": 2, "countDelta": -1 }, { "player": "mackclan5", "item": "Маска из камня", "char": 0, "quality": 1, "countDelta": -1 }], "02/15/2023 09:19:12": [{ "player": "mackclan5", "item": "Кровавая чаша", "char": 0, "quality": 1, "countDelta": -2 }, { "player": "mackclan5", "item": "Проклятый свиток", "char": 0, "quality": 1, "countDelta": -3 }, { "player": "mackclan5", "item": "Серебряный канделябр", "char": 0, "quality": 1, "countDelta": -7 }], "02/15/2023 09:19:11": [{ "player": "mackclan5", "item": "Ритуальные свечи", "char": 0, "quality": 1, "countDelta": -4 }, { "player": "mackclan5", "item": "Священный идол", "char": 0, "quality": 1, "countDelta": -4 }, { "player": "mackclan5", "item": "Серебряный кубок", "char": 0, "quality": 1, "countDelta": -10 }], "02/15/2023 09:19:10": [{ "player": "mackclan5", "item": "Держава", "char": 0, "quality": 1, "countDelta": -9 }, { "player": "mackclan5", "item": "Золотая корона", "char": 0, "quality": 1, "countDelta": -8 }], "02/15/2023 09:18:46": [{ "player": "mackclan5", "item": "Серебряное зеркало", "char": 0, "quality": 1, "countDelta": -1 }, { "player": "mackclan5", "item": "Кинжал для жертвоприношений", "char": 0, "quality": 1, "countDelta": -14 }, { "player": "mackclan5", "item": "Простая игрушка из камня", "char": 0, "quality": 1, "countDelta": -5 }], "02/15/2023 09:18:45": [{ "player": "mackclan5", "item": "Оберег из перьев", "char": 0, "quality": 1, "countDelta": -4 }], "02/15/2023 09:18:44": [{ "player": "mackclan5", "item": "Душа (эксперт)", "char": 0, "quality": 1, "countDelta": -146 }, { "player": "mackclan5", "item": "Душа (знаток)", "char": 0, "quality": 1, "countDelta": -262 }, { "player": "mackclan5", "item": "Реликт (эксперт)", "char": 0, "quality": 1, "countDelta": -44 }], "02/15/2023 09:18:43": [{ "player": "mackclan5", "item": "Реликт (мастер)", "char": 0, "quality": 1, "countDelta": -18 }, { "player": "mackclan5", "item": "Душа (мастер)", "char": 0, "quality": 1, "countDelta": -45 }, { "player": "mackclan5", "item": "Реликт (магистр)", "char": 0, "quality": 1, "countDelta": -1 }, { "player": "mackclan5", "item": "Реликт (старейшина)", "char": 0, "quality": 1, "countDelta": -1 }], "02/15/2023 09:18:42": [{ "player": "mackclan5", "item": "Душа (магистр)", "char": 0, "quality": 1, "countDelta": -6 }, { "player": "mackclan5", "item": "Авалонская энергия", "char": 0, "quality": 1, "countDelta": -1 }, { "player": "mackclan5", "item": "Реликт (знаток)", "char": 0, "quality": 1, "countDelta": -92 }], "02/15/2023 09:18:41": [{ "player": "mackclan5", "item": "Руна (знаток)", "char": 0, "quality": 1, "countDelta": -765 }, { "player": "mackclan5", "item": "Демонические пластины (эксперт)", "char": 0, "quality": 1, "countDelta": -1 }], "02/15/2023 09:18:40": [{ "player": "mackclan5", "item": "Руна (старейшина)", "char": 0, "quality": 1, "countDelta": -1 }, { "player": "mackclan5", "item": "Книга интуиции знатока", "char": 0, "quality": 1, "countDelta": -98 }, { "player": "mackclan5", "item": "Руна (магистр)", "char": 0, "quality": 1, "countDelta": -13 }, { "player": "mackclan5", "item": "Руна (мастер)", "char": 0, "quality": 1, "countDelta": -146 }], "02/15/2023 09:18:39": [{ "player": "mackclan5", "item": "Руна (эксперт)", "char": 0, "quality": 1, "countDelta": -419 }, { "player": "mackclan5", "item": "Лезвие алебарды Морганы (эксперт)", "char": 0, "quality": 1, "countDelta": -1 }, { "player": "mackclan5", "item": "Утраченный арбалетный механизм (мастер)", "char": 0, "quality": 1, "countDelta": -1 }], "02/15/2023 09:18:38": [{ "player": "mackclan5", "item": "Сфера лесного пожара (эксперт)", "char": 0, "quality": 1, "countDelta": -1 }, { "player": "mackclan5", "item": "Карта подземелья мастера (соло)", "char": 0, "quality": 1, "countDelta": -1 }], "02/15/2023 09:18:37": [{ "player": "mackclan5", "item": "Карта подземелья магистра (соло)", "char": 0, "quality": 1, "countDelta": -1 }, { "player": "mackclan5", "item": "Ритуал Врат Ада (старейшина; 10х10 - смертельно)", "char": 0, "quality": 1, "countDelta": -1 }], "02/15/2023 09:18:36": [{ "player": "mackclan5", "item": "Большой эликсир защиты", "char": 0, "quality": 1, "countDelta": -3 }, { "player": "mackclan5", "item": "Малый эликсир яда", "char": 0, "quality": 1, "countDelta": -5 }], "02/15/2023 09:18:35": [{ "player": "mackclan5", "item": "Эликсир невидимости", "char": 0, "quality": 1, "countDelta": -5 }], "02/15/2023 09:18:34": [{ "player": "mackclan5", "item": "Жаркое из говядины", "char": 0, "quality": 1, "countDelta": -2 }, { "player": "mackclan5", "item": "Омлет с беконом", "char": 0, "quality": 1, "countDelta": -6 }, { "player": "mackclan5", "item": "Ездовая лошадь (странник)", "char": 0, "quality": 1, "countDelta": -3 }], "02/15/2023 09:18:33": [{ "player": "mackclan5", "item": "Быстрокоготь", "char": 1, "quality": 2, "countDelta": -1 }], "02/15/2023 09:18:32": [{ "player": "mackclan5", "item": "Сумка (мастер)", "char": 0, "quality": 3, "countDelta": -1 }, { "player": "mackclan5", "item": "Чекан (магистр)", "char": 0, "quality": 2, "countDelta": -1 }], "02/15/2023 09:18:31": [{ "player": "mackclan5", "item": "Мантия чародея (мастер)", "char": 1, "quality": 3, "countDelta": -1 }, { "player": "mackclan5", "item": "Колпак ученого (магистр)", "char": 1, "quality": 3, "countDelta": -1 }, { "player": "mackclan5", "item": "Сапоги рыцаря (старейшина)", "char": 0, "quality": 2, "countDelta": -1 }], "02/15/2023 09:18:30": [{ "player": "mackclan5", "item": "Капюшон наемника (магистр)", "char": 1, "quality": 2, "countDelta": -1 }, { "player": "mackclan5", "item": "Капюшон наемника (магистр)", "char": 0, "quality": 2, "countDelta": -2 }, { "player": "mackclan5", "item": "Плащ Морганы знатока", "char": 2, "quality": 4, "countDelta": -1 }, { "player": "mackclan5", "item": "Плащ Морганы знатока", "char": 2, "quality": 3, "countDelta": -1 }], "02/15/2023 09:18:29": [{ "player": "mackclan5", "item": "Шлем солдата (эксперт)", "char": 0, "quality": 3, "countDelta": -1 }], "02/15/2023 09:18:27": [{ "player": "mackclan5", "item": "Сапоги рыцаря (старейшина)", "char": 0, "quality": 4, "countDelta": -1 }], "02/15/2023 09:18:26": [{ "player": "mackclan5", "item": "Сумка (знаток)", "char": 0, "quality": 1, "countDelta": -1 }, { "player": "mackclan5", "item": "Ездовая лошадь (странник)", "char": 0, "quality": 2, "countDelta": -1 }], "02/15/2023 09:18:23": [{ "player": "mackclan5", "item": "Гигантский олень (знаток)", "char": 0, "quality": 1, "countDelta": -1 }], "02/15/2023 04:34:00": [{ "player": "CHEWBACCAONELUV", "item": "Душа (эксперт)", "char": 0, "quality": 1, "countDelta": 41 }, { "player": "CHEWBACCAONELUV", "item": "Серебряный канделябр", "char": 0, "quality": 1, "countDelta": 4 }, { "player": "CHEWBACCAONELUV", "item": "Капюшон наемника (магистр)", "char": 0, "quality": 2, "countDelta": 2 }, { "player": "RashidPotroshit", "item": "Реликт (эксперт)", "char": 0, "quality": 1, "countDelta": 16 }, { "player": "CHEWBACCAONELUV", "item": "Руна (мастер)", "char": 0, "quality": 1, "countDelta": 36 }], "02/15/2023 04:33:59": [{ "player": "RashidPotroshit", "item": "Руна (эксперт)", "char": 0, "quality": 1, "countDelta": 111 }, { "player": "CHEWBACCAONELUV", "item": "Душа (мастер)", "char": 0, "quality": 1, "countDelta": 10 }, { "player": "RashidPotroshit", "item": "Душа (знаток)", "char": 0, "quality": 1, "countDelta": 74 }, { "player": "RashidPotroshit", "item": "Реликт (мастер)", "char": 0, "quality": 1, "countDelta": 5 }, { "player": "CHEWBACCAONELUV", "item": "Руна (знаток)", "char": 0, "quality": 1, "countDelta": 194 }], "02/15/2023 04:33:58": [{ "player": "CHEWBACCAONELUV", "item": "Душа (магистр)", "char": 0, "quality": 1, "countDelta": 3 }, { "player": "RashidPotroshit", "item": "Руна (магистр)", "char": 0, "quality": 1, "countDelta": 3 }, { "player": "CHEWBACCAONELUV", "item": "Реликт (знаток)", "char": 0, "quality": 1, "countDelta": 27 }, { "player": "RashidPotroshit", "item": "Колпак ученого (магистр)", "char": 1, "quality": 3, "countDelta": 1 }, { "player": "RashidPotroshit", "item": "Кинжал для жертвоприношений", "char": 0, "quality": 1, "countDelta": 6 }], "02/15/2023 04:33:57": [{ "player": "RashidPotroshit", "item": "Демонические пластины (эксперт)", "char": 0, "quality": 1, "countDelta": 1 }, { "player": "RashidPotroshit", "item": "Древний том", "char": 0, "quality": 1, "countDelta": 1 }, { "player": "RashidPotroshit", "item": "Золотая корона", "char": 0, "quality": 1, "countDelta": 1 }], "02/15/2023 04:33:56": [{ "player": "CHEWBACCAONELUV", "item": "Священный идол", "char": 0, "quality": 1, "countDelta": 2 }, { "player": "RashidPotroshit", "item": "Мантия чародея (мастер)", "char": 1, "quality": 3, "countDelta": 1 }, { "player": "RashidPotroshit", "item": "Сапоги рыцаря (старейшина)", "char": 0, "quality": 2, "countDelta": 1 }, { "player": "CHEWBACCAONELUV", "item": "Каменный идол", "char": 0, "quality": 1, "countDelta": 3 }], "02/15/2023 04:33:55": [{ "player": "CHEWBACCAONELUV", "item": "Капюшон наемника (магистр)", "char": 1, "quality": 2, "countDelta": 1 }, { "player": "CHEWBACCAONELUV", "item": "Книга интуиции знатока", "char": 0, "quality": 1, "countDelta": 27 }, { "player": "RashidPotroshit", "item": "Сапоги рыцаря (старейшина)", "char": 0, "quality": 4, "countDelta": 1 }], "02/15/2023 04:33:54": [{ "player": "RashidPotroshit", "item": "Чекан (магистр)", "char": 0, "quality": 2, "countDelta": 1 }], "02/15/2023 04:33:45": [{ "player": "mackclan5", "item": "Сфера лесного пожара (эксперт)", "char": 0, "quality": 1, "countDelta": 1 }], "02/15/2023 04:33:44": [{ "player": "mackclan5", "item": "Серебряный канделябр", "char": 0, "quality": 1, "countDelta": 2 }, { "player": "mackclan5", "item": "Лезвие алебарды Морганы (эксперт)", "char": 0, "quality": 1, "countDelta": 1 }, { "player": "mackclan5", "item": "Каменный идол", "char": 0, "quality": 1, "countDelta": 2 }], "02/15/2023 04:33:43": [{ "player": "mackclan5", "item": "Реликт (мастер)", "char": 0, "quality": 1, "countDelta": 7 }, { "player": "mackclan5", "item": "Душа (мастер)", "char": 0, "quality": 1, "countDelta": 16 }], "02/15/2023 04:33:42": [{ "player": "mackclan5", "item": "Душа (магистр)", "char": 0, "quality": 1, "countDelta": 3 }, { "player": "mackclan5", "item": "Священный идол", "char": 0, "quality": 1, "countDelta": 2 }, { "player": "mackclan5", "item": "Реликт (эксперт)", "char": 0, "quality": 1, "countDelta": 16 }], "02/15/2023 04:33:41": [{ "player": "mackclan5", "item": "Шлем солдата (эксперт)", "char": 0, "quality": 3, "countDelta": 1 }, { "player": "mackclan5", "item": "Реликт (старейшина)", "char": 0, "quality": 1, "countDelta": 1 }, { "player": "mackclan5", "item": "Руна (магистр)", "char": 0, "quality": 1, "countDelta": 4 }, { "player": "mackclan5", "item": "Реликт (знаток)", "char": 0, "quality": 1, "countDelta": 28 }] }